Each Member State shall provide by law for all of the following:
the establishment of each supervisory authority;
the qualifications and eligibility conditions required to be appointed as member of each supervisory authority;
the rules and procedures for the appointment of the member or members of each supervisory authority;
the duration of the term of the member or members of each supervisory authority of no less than four years, except for the first appointment after 24 May 2016, part of which may take place for a shorter period where that is necessary to protect the independence of the supervisory authority by means of a staggered appointment procedure;
whether and, if so, for how many terms the member or members of each supervisory authority is eligible for reappointment;
the conditions governing the obligations of the member or members and staff of each supervisory authority, prohibitions on actions, occupations and benefits incompatible therewith during and after the term of office and rules governing the cessation of employment.

the establishment of each supervisory authority;
the qualifications and eligibility conditions required to be appointed as member of each supervisory authority;
the rules and procedures for the appointment of the member or members of each supervisory authority;
the duration of the term of the member or members of each supervisory authority of no less than four years, except for the first appointment after 24 May 2016, part of which may take place for a shorter period where that is necessary to protect the independence of the supervisory authority by means of a staggered appointment procedure;
whether and, if so, for how many terms the member or members of each supervisory authority is eligible for reappointment;
the conditions governing the obligations of the member or members and staff of each supervisory authority, prohibitions on actions, occupations and benefits incompatible therewith during and after the term of office and rules governing the cessation of employment.
The member or members and the staff of each supervisory authority shall, in accordance with Union or Member State law, be subject to a duty of professional secrecy both during and after their term of office, with regard to any confidential information which has come to their knowledge in the course of the performance of their tasks or exercise of their powers. During their term of office, that duty of professional secrecy shall in particular apply to reporting by natural persons of infringements of this Regulation.
