The competent supervisory authority shall approve binding corporate rules in accordance with the consistency mechanism set out in Article 63, provided that they:
are legally binding and apply to and are enforced by every member concerned of the group of undertakings, or group of enterprises engaged in a joint economic activity, including their employees;
expressly confer enforceable rights on data subjects with regard to the processing of their personal data; and
fulfil the requirements laid down in paragraph 2.

are legally binding and apply to and are enforced by every member concerned of the group of undertakings, or group of enterprises engaged in a joint economic activity, including their employees;
expressly confer enforceable rights on data subjects with regard to the processing of their personal data; and
fulfil the requirements laid down in paragraph 2.
The binding corporate rules referred to in paragraph 1 shall specify at least:
the structure and contact details of the group of undertakings, or group of enterprises engaged in a joint economic activity and of each of its members;
the data transfers or set of transfers, including the categories of personal data, the type of processing and its purposes, the type of data subjects affected and the identification of the third country or countries in question;
their legally binding nature, both internally and externally;
the application of the general data protection principles, in particular purpose limitation, data minimisation, limited storage periods, data quality, data protection by design and by default, legal basis for processing, processing of special categories of personal data, measures to ensure data security, and the requirements in respect of onward transfers to bodies not bound by the binding corporate rules;
the rights of data subjects in regard to processing and the means to exercise those rights, including the right not to be subject to decisions based solely on automated processing, including profiling in accordance with Article 22, the right to lodge a complaint with the competent supervisory authority and before the competent courts of the Member States in accordance with Article 79, and to obtain redress and, where appropriate, compensation for a breach of the binding corporate rules;
the acceptance by the controller or processor established on the territory of a Member State of liability for any breaches of the binding corporate rules by any member concerned not established in the Union; the controller or the processor shall be exempt from that liability, in whole or in part, only if it proves that that member is not responsible for the event giving rise to the damage;
how the information on the binding corporate rules, in particular on the provisions referred to in points (d), (e) and (f) of this paragraph is provided to the data subjects in addition to Articles 13 and 14;
the tasks of any data protection officer designated in accordance with  Article 37 or any other person or entity in charge of the monitoring compliance with the binding corporate rules within the group of undertakings, or group of enterprises engaged in a joint economic activity, as well as monitoring training and complaint-handling;
the complaint procedures;
the mechanisms within the group of undertakings, or group of enterprises engaged in a joint economic activity for ensuring the verification of compliance with the binding corporate rules. Such mechanisms shall include data protection audits and methods for ensuring corrective actions to protect the rights of the data subject. Results of such verification should be communicated to the person or entity referred to in point (h) and to the board of the controlling undertaking of a group of undertakings, or of the group of enterprises engaged in a joint economic activity, and should be available upon request to the competent supervisory authority;
the mechanisms for reporting and recording changes to the rules and reporting those changes to the supervisory authority;
the cooperation mechanism with the supervisory authority to ensure compliance by any member of the group of undertakings, or group of enterprises engaged in a joint economic activity, in particular by making available to the supervisory authority the results of verifications of the measures referred to in point (j);
the mechanisms for reporting to the competent supervisory authority any legal requirements to which a member of the group of undertakings, or group of enterprises engaged in a joint economic activity is subject in a third country which are likely to have a substantial adverse effect on the guarantees provided by the binding corporate rules; and
the appropriate data protection training to personnel having permanent or regular access to personal data.

the structure and contact details of the group of undertakings, or group of enterprises engaged in a joint economic activity and of each of its members;
the data transfers or set of transfers, including the categories of personal data, the type of processing and its purposes, the type of data subjects affected and the identification of the third country or countries in question;
their legally binding nature, both internally and externally;
the application of the general data protection principles, in particular purpose limitation, data minimisation, limited storage periods, data quality, data protection by design and by default, legal basis for processing, processing of special categories of personal data, measures to ensure data security, and the requirements in respect of onward transfers to bodies not bound by the binding corporate rules;
the rights of data subjects in regard to processing and the means to exercise those rights, including the right not to be subject to decisions based solely on automated processing, including profiling in accordance with Article 22, the right to lodge a complaint with the competent supervisory authority and before the competent courts of the Member States in accordance with Article 79, and to obtain redress and, where appropriate, compensation for a breach of the binding corporate rules;
the acceptance by the controller or processor established on the territory of a Member State of liability for any breaches of the binding corporate rules by any member concerned not established in the Union; the controller or the processor shall be exempt from that liability, in whole or in part, only if it proves that that member is not responsible for the event giving rise to the damage;
how the information on the binding corporate rules, in particular on the provisions referred to in points (d), (e) and (f) of this paragraph is provided to the data subjects in addition to Articles 13 and 14;
the tasks of any data protection officer designated in accordance with  Article 37 or any other person or entity in charge of the monitoring compliance with the binding corporate rules within the group of undertakings, or group of enterprises engaged in a joint economic activity, as well as monitoring training and complaint-handling;
the complaint procedures;
the mechanisms within the group of undertakings, or group of enterprises engaged in a joint economic activity for ensuring the verification of compliance with the binding corporate rules. Such mechanisms shall include data protection audits and methods for ensuring corrective actions to protect the rights of the data subject. Results of such verification should be communicated to the person or entity referred to in point (h) and to the board of the controlling undertaking of a group of undertakings, or of the group of enterprises engaged in a joint economic activity, and should be available upon request to the competent supervisory authority;
the mechanisms for reporting and recording changes to the rules and reporting those changes to the supervisory authority;
the cooperation mechanism with the supervisory authority to ensure compliance by any member of the group of undertakings, or group of enterprises engaged in a joint economic activity, in particular by making available to the supervisory authority the results of verifications of the measures referred to in point (j);
the mechanisms for reporting to the competent supervisory authority any legal requirements to which a member of the group of undertakings, or group of enterprises engaged in a joint economic activity is subject in a third country which are likely to have a substantial adverse effect on the guarantees provided by the binding corporate rules; and
the appropriate data protection training to personnel having permanent or regular access to personal data.
The Commission may specify the format and procedures for the exchange of information between controllers, processors and supervisory authorities for binding corporate rules within the meaning of this Article. Those implementing acts shall be adopted in accordance with the examination procedure set out in Article 93(2).
