The Board shall have a secretariat, which shall be provided by the European Data Protection Supervisor.
The secretariat shall perform its tasks exclusively under the instructions of the Chair of the Board.
The staff of the European Data Protection Supervisor involved in carrying out the tasks conferred on the Board by this Regulation shall be subject to separate reporting lines from the staff involved in carrying out tasks conferred on the European Data Protection Supervisor.
Where appropriate, the Board and the European Data Protection Supervisor shall establish and publish a Memorandum of Understanding implementing this Article, determining the terms of their cooperation, and applicable to the staff of the European Data Protection Supervisor involved in carrying out the tasks conferred on the Board by this Regulation.
The secretariat shall provide analytical, administrative and logistical support to the Board.
The secretariat shall be responsible in particular for:
the day-to-day business of the Board;
communication between the members of the Board, its Chair and the Commission;
ommunication with other institutions and the public;
the use of electronic means for the internal and external communication;
the translation of relevant information;
the preparation and follow-up of the meetings of the Board;
the preparation, drafting and publication of opinions, decisions on the settlement of disputes between supervisory authorities and other texts adopted by the Board.

the day-to-day business of the Board;
communication between the members of the Board, its Chair and the Commission;
ommunication with other institutions and the public;
the use of electronic means for the internal and external communication;
the translation of relevant information;
the preparation and follow-up of the meetings of the Board;
the preparation, drafting and publication of opinions, decisions on the settlement of disputes between supervisory authorities and other texts adopted by the Board.
