Without prejudice to the tasks and powers of the competent supervisory authority under Articles 57 and 58, the monitoring of compliance with a code of conduct pursuant to Article 40 may be carried out by a body which has an appropriate level of expertise in relation to the subject-matter of the code and is accredited for that purpose by the competent supervisory authority.
A body as referred to in paragraph 1 may be accredited to monitor compliance with a code of conduct where that body has:
demonstrated its independence and expertise in relation to the subject-matter of the code to the satisfaction of the competent supervisory authority;
established procedures which allow it to assess the eligibility of controllers and processors concerned to apply the code, to monitor their compliance with its provisions and to periodically review its operation;
established procedures and structures to handle complaints about infringements of the code or the manner in which the code has been, or is being, implemented by a controller or processor, and to make those procedures and structures transparent to data subjects and the public; and
demonstrated to the satisfaction of the competent supervisory authority that its tasks and duties do not result in a conflict of interests.

demonstrated its independence and expertise in relation to the subject-matter of the code to the satisfaction of the competent supervisory authority;
established procedures which allow it to assess the eligibility of controllers and processors concerned to apply the code, to monitor their compliance with its provisions and to periodically review its operation;
established procedures and structures to handle complaints about infringements of the code or the manner in which the code has been, or is being, implemented by a controller or processor, and to make those procedures and structures transparent to data subjects and the public; and
demonstrated to the satisfaction of the competent supervisory authority that its tasks and duties do not result in a conflict of interests.
The competent supervisory authority shall submit the draft criteria for accreditation of a body as referred to in paragraph 1 of this Article to the Board pursuant to the consistency mechanism referred to in Article 63.
Without prejudice to the tasks and powers of the competent supervisory authority and the provisions of Chapter VIII, a body as referred to in paragraph 1 of this Article shall, subject to appropriate safeguards, take appropriate action in cases of infringement of the code by a controller or processor, including suspension or exclusion of the controller or processor concerned from the code. It shall inform the competent supervisory authority of such actions and the reasons for taking them.
The competent supervisory authority shall revoke the accreditation of a body as referred to in paragraph 1 if the conditions for accreditation are not, or are no longer, met or where actions taken by the body infringe this Regulation.
This Article shall not apply to processing carried out by public authorities and bodies.
