The controller and the processor shall designate a data protection officer in any case where:
the processing is carried out by a public authority or body, except for courts acting in their judicial capacity;
the core activities of the controller or the processor consist of processing operations which, by virtue of their nature, their scope and/or their purposes, require regular and systematic monitoring of data subjects on a large scale; or
the core activities of the controller or the processor consist of processing on a large scale of special categories of data pursuant to Article 9 and personal data relating to criminal convictions and offences referred to in Article 10.

the processing is carried out by a public authority or body, except for courts acting in their judicial capacity;
the core activities of the controller or the processor consist of processing operations which, by virtue of their nature, their scope and/or their purposes, require regular and systematic monitoring of data subjects on a large scale; or
the core activities of the controller or the processor consist of processing on a large scale of special categories of data pursuant to Article 9 and personal data relating to criminal convictions and offences referred to in Article 10.
A group of undertakings may appoint a single data protection officer provided that a data protection officer is easily accessible from each establishment.
Where the controller or the processor is a public authority or body, a single data protection officer may be designated for several such authorities or bodies, taking account of their organisational structure and size.
In cases other than those referred to in paragraph 1, the controller or processor or associations and other bodies representing categories of controllers or processors may or, where required by Union or Member State law shall, designate a data protection officer. The data protection officer may act for such associations and other bodies representing controllers or processors.
The data protection officer shall be designated on the basis of professional qualities and, in particular, expert knowledge of data protection law and practices and the ability to fulfil the tasks referred to in Article 39.
The data protection officer may be a staff member of the controller or processor, or fulfil the tasks on the basis of a service contract.
The controller or the processor shall publish the contact details of the data protection officer and communicate them to the supervisory authority.
