The controller shall consult the supervisory authority prior to processing where a data protection impact assessment under Article 35 indicates that the processing would result in a high risk in the absence of measures taken by the controller to mitigate the risk.
Where the supervisory authority is of the opinion that the intended processing referred to in paragraph 1 would infringe this Regulation, in particular where the controller has insufficiently identified or mitigated the risk, the supervisory authority shall, within period of up to eight weeks of receipt of the request for consultation, provide written advice to the controller and, where applicable to the processor, and may use any of its powers referred to in Article 58. That period may be extended by six weeks, taking into account the complexity of the intended processing. The supervisory authority shall inform the controller and, where applicable, the processor, of any such extension within one month of receipt of the request for consultation together with the reasons for the delay. Those periods may be suspended until the supervisory authority has obtained information it has requested for the purposes of the consultation.
When consulting the supervisory authority pursuant to paragraph 1, the controller shall provide the supervisory authority with:
where applicable, the respective responsibilities of the controller, joint controllers and processors involved in the processing, in particular for processing within a group of undertakings;
the purposes and means of the intended processing;
the measures and safeguards provided to protect the rights and freedoms of data subjects pursuant to this Regulation;
where applicable, the contact details of the data protection officer;
the data protection impact assessment provided for in Article 35; and
any other information requested by the supervisory authority.

where applicable, the respective responsibilities of the controller, joint controllers and processors involved in the processing, in particular for processing within a group of undertakings;
the purposes and means of the intended processing;
the measures and safeguards provided to protect the rights and freedoms of data subjects pursuant to this Regulation;
where applicable, the contact details of the data protection officer;
the data protection impact assessment provided for in Article 35; and
any other information requested by the supervisory authority.
Member States shall consult the supervisory authority during the preparation of a proposal for a legislative measure to be adopted by a national parliament, or of a regulatory measure based on such a legislative measure, which relates to processing.
Notwithstanding paragraph 1, Member State law may require controllers to consult with, and obtain prior authorisation from, the supervisory authority in relation to processing by a controller for the performance of a task carried out by the controller in the public interest, including processing in relation to social protection and public health.
