Without prejudice to other tasks set out under this Regulation, each supervisory authority shall on its territory:
monitor and enforce the application of this Regulation;
promote public awareness and understanding of the risks, rules, safeguards and rights in relation to processing. Activities addressed specifically to children shall receive specific attention;
advise, in accordance with Member State law, the national parliament, the government, and other institutions and bodies on legislative and administrative measures relating to the protection of natural persons� rights and freedoms with regard to processing;
promote the awareness of controllers and processors of their obligations under this Regulation;
upon request, provide information to any data subject concerning the exercise of their rights under this Regulation and, if appropriate, cooperate with the supervisory authorities in other Member States to that end;
handle complaints lodged by a data subject, or by a body, organisation or association in accordance with Article 80, and investigate, to the extent appropriate, the subject matter of the complaint and inform the complainant of the progress and the outcome of the investigation within a reasonable period, in particular if further investigation or coordination with another supervisory authority is necessary;
cooperate with, including sharing information and provide mutual assistance to, other supervisory authorities with a view to ensuring the consistency of application and enforcement of this Regulation;
conduct investigations on the application of this Regulation, including on the basis of information received from another supervisory authority or other public authority;
monitor relevant developments, insofar as they have an impact on the protection of personal data, in particular the development of information and communication technologies and commercial practices;
adopt standard contractual clauses referred to in Article 28(8) and in point (d) of Article 46(2);
establish and maintain a list in relation to the requirement for data protection impact assessment pursuant to Article 35(4);
give advice on the processing operations referred to in Article 36(2);
encourage the drawing up of codes of conduct pursuant to Article 40(1) and provide an opinion and approve such codes of conduct which provide sufficient safeguards, pursuant to Article 40(5);
encourage the establishment of data protection certification mechanisms and of data protection seals and marks pursuant to Article 42(1), and approve the criteria of certification pursuant to Article 42(5);
where applicable, carry out a periodic review of certifications issued in accordance with Article 42(7);
draft and publish the criteria for accreditation of a body for monitoring codes of conduct pursuant to Article 41 and of a certification body pursuant to Article 43;
conduct the accreditation of a body for monitoring codes of conduct pursuant to Article 41 and of a certification body pursuant to Article 43;
authorise contractual clauses and provisions referred to in Article 46(3);
approve binding corporate rules pursuant to Article 47;
contribute to the activities of the Board;
keep internal records of infringements of this Regulation and of measures taken in accordance with Article 58(2); and
fulfil any other tasks related to the protection of personal data.

monitor and enforce the application of this Regulation;
promote public awareness and understanding of the risks, rules, safeguards and rights in relation to processing. Activities addressed specifically to children shall receive specific attention;
advise, in accordance with Member State law, the national parliament, the government, and other institutions and bodies on legislative and administrative measures relating to the protection of natural persons� rights and freedoms with regard to processing;
promote the awareness of controllers and processors of their obligations under this Regulation;
upon request, provide information to any data subject concerning the exercise of their rights under this Regulation and, if appropriate, cooperate with the supervisory authorities in other Member States to that end;
handle complaints lodged by a data subject, or by a body, organisation or association in accordance with Article 80, and investigate, to the extent appropriate, the subject matter of the complaint and inform the complainant of the progress and the outcome of the investigation within a reasonable period, in particular if further investigation or coordination with another supervisory authority is necessary;
cooperate with, including sharing information and provide mutual assistance to, other supervisory authorities with a view to ensuring the consistency of application and enforcement of this Regulation;
conduct investigations on the application of this Regulation, including on the basis of information received from another supervisory authority or other public authority;
monitor relevant developments, insofar as they have an impact on the protection of personal data, in particular the development of information and communication technologies and commercial practices;
adopt standard contractual clauses referred to in Article 28(8) and in point (d) of Article 46(2);
establish and maintain a list in relation to the requirement for data protection impact assessment pursuant to Article 35(4);
give advice on the processing operations referred to in Article 36(2);
encourage the drawing up of codes of conduct pursuant to Article 40(1) and provide an opinion and approve such codes of conduct which provide sufficient safeguards, pursuant to Article 40(5);
encourage the establishment of data protection certification mechanisms and of data protection seals and marks pursuant to Article 42(1), and approve the criteria of certification pursuant to Article 42(5);
where applicable, carry out a periodic review of certifications issued in accordance with Article 42(7);
draft and publish the criteria for accreditation of a body for monitoring codes of conduct pursuant to Article 41 and of a certification body pursuant to Article 43;
conduct the accreditation of a body for monitoring codes of conduct pursuant to Article 41 and of a certification body pursuant to Article 43;
authorise contractual clauses and provisions referred to in Article 46(3);
approve binding corporate rules pursuant to Article 47;
contribute to the activities of the Board;
keep internal records of infringements of this Regulation and of measures taken in accordance with Article 58(2); and
fulfil any other tasks related to the protection of personal data.
Each supervisory authority shall facilitate the submission of complaints referred to in point (f) of paragraph 1 by measures such as a complaint submission form which can also be completed electronically, without excluding other means of communication.
The performance of the tasks of each supervisory authority shall be free of charge for the data subject and, where applicable, for the data protection officer.
Where requests are manifestly unfounded or excessive, in particular because of their repetitive character, the supervisory authority may charge a reasonable fee based on administrative costs, or refuse to act on the request. The supervisory authority shall bear the burden of demonstrating the manifestly unfounded or excessive character of the request.
